nft_number,name
2,cumzillaraptor #2
5,cumzillaraptor #5
7,cumzillaraptor #7
8,cumzillaraptor #8
10,cumzillaraptor #10
11,cumzillaraptor #11
14,cumzillaraptor #14
16,cumzillaraptor #16
20,cumzillaraptor #20
22,cumzillaraptor #22
23,cumzillaraptor #23
25,cumzillaraptor #25
26,cumzillaraptor #26
27,cumzillaraptor #27
28,cumzillaraptor #28
29,cumzillaraptor #29
30,cumzillaraptor #30
31,cumzillaraptor #31
32,cumzillaraptor #32
34,cumzillaraptor #34
36,cumzillaraptor #36
43,cumzillaraptor #43
45,cumzillaraptor #45
47,cumzillaraptor #47
48,cumzillaraptor #48
49,cumzillaraptor #49
50,cumzillaraptor #50
52,cumzillaraptor #52
53,cumzillaraptor #53
54,cumzillaraptor #54
55,cumzillaraptor #55
56,cumzillaraptor #56
57,cumzillaraptor #57
58,cumzillaraptor #58
59,cumzillaraptor #59
60,cumzillaraptor #60
62,cumzillaraptor #62
66,cumzillaraptor #66
67,cumzillaraptor #67
68,cumzillaraptor #68
70,cumzillaraptor #70
71,cumzillaraptor #71
72,cumzillaraptor #72
73,cumzillaraptor #73
74,cumzillaraptor #74
76,cumzillaraptor #76
77,cumzillaraptor #77
78,cumzillaraptor #78
80,cumzillaraptor #80
81,cumzillaraptor #81
82,cumzillaraptor #82
84,cumzillaraptor #84
88,cumzillaraptor #88
136,cumzillaraptor #136
137,cumzillaraptor #137
142,cumzillaraptor #142
143,cumzillaraptor #143
144,cumzillaraptor #144
148,cumzillaraptor #148
152,cumzillaraptor #152
158,cumzillaraptor #158
159,cumzillaraptor #159
160,cumzillaraptor #160
161,cumzillaraptor #161
162,cumzillaraptor #162
163,cumzillaraptor #163
166,cumzillaraptor #166
167,cumzillaraptor #167
168,cumzillaraptor #168
169,cumzillaraptor #169
171,cumzillaraptor #171
173,cumzillaraptor #173
175,cumzillaraptor #175
176,cumzillaraptor #176
177,cumzillaraptor #177
178,cumzillaraptor #178
180,cumzillaraptor #180
181,cumzillaraptor #181
183,cumzillaraptor #183
184,cumzillaraptor #184
187,cumzillaraptor #187
188,cumzillaraptor #188
190,cumzillaraptor #190
191,cumzillaraptor #191
193,cumzillaraptor #193
195,cumzillaraptor #195
200,cumzillaraptor #200
201,cumzillaraptor #201
202,cumzillaraptor #202
203,cumzillaraptor #203
205,cumzillaraptor #205
207,cumzillaraptor #207
209,cumzillaraptor #209
210,cumzillaraptor #210
212,cumzillaraptor #212
214,cumzillaraptor #214
215,cumzillaraptor #215
216,cumzillaraptor #216
217,cumzillaraptor #217
218,cumzillaraptor #218
219,cumzillaraptor #219
220,cumzillaraptor #220
222,cumzillaraptor #222
223,cumzillaraptor #223
226,cumzillaraptor #226
227,cumzillaraptor #227
228,cumzillaraptor #228
229,cumzillaraptor #229
230,cumzillaraptor #230
232,cumzillaraptor #232
233,cumzillaraptor #233
234,cumzillaraptor #234
235,cumzillaraptor #235
236,cumzillaraptor #236
239,cumzillaraptor #239
240,cumzillaraptor #240
241,cumzillaraptor #241
242,cumzillaraptor #242
244,cumzillaraptor #244
246,cumzillaraptor #246
247,cumzillaraptor #247
248,cumzillaraptor #248
250,cumzillaraptor #250
252,cumzillaraptor #252
253,cumzillaraptor #253
254,cumzillaraptor #254
255,cumzillaraptor #255
256,cumzillaraptor #256
257,cumzillaraptor #257
258,cumzillaraptor #258
259,cumzillaraptor #259
260,cumzillaraptor #260
261,cumzillaraptor #261
262,cumzillaraptor #262
263,cumzillaraptor #263
264,cumzillaraptor #264
265,cumzillaraptor #265
266,cumzillaraptor #266
267,cumzillaraptor #267
268,cumzillaraptor #268
269,cumzillaraptor #269
270,cumzillaraptor #270
271,cumzillaraptor #271
276,cumzillaraptor #276
277,cumzillaraptor #277
278,cumzillaraptor #278
280,cumzillaraptor #280
281,cumzillaraptor #281
282,cumzillaraptor #282
283,cumzillaraptor #283
285,cumzillaraptor #285
287,cumzillaraptor #287
288,cumzillaraptor #288
289,cumzillaraptor #289
291,cumzillaraptor #291
292,cumzillaraptor #292
293,cumzillaraptor #293
295,cumzillaraptor #295
296,cumzillaraptor #296
297,cumzillaraptor #297
298,cumzillaraptor #298
299,cumzillaraptor #299
300,cumzillaraptor #300
301,cumzillaraptor #301
304,cumzillaraptor #304
306,cumzillaraptor #306
307,cumzillaraptor #307
308,cumzillaraptor #308
309,cumzillaraptor #309
310,cumzillaraptor #310
311,cumzillaraptor #311
312,cumzillaraptor #312
313,cumzillaraptor #313
316,cumzillaraptor #316
317,cumzillaraptor #317
319,cumzillaraptor #319
321,cumzillaraptor #321
322,cumzillaraptor #322
325,cumzillaraptor #325
330,cumzillaraptor #330
331,cumzillaraptor #331
332,cumzillaraptor #332
333,cumzillaraptor #333
335,cumzillaraptor #335
337,cumzillaraptor #337
338,cumzillaraptor #338
339,cumzillaraptor #339
340,cumzillaraptor #340
341,cumzillaraptor #341
342,cumzillaraptor #342
344,cumzillaraptor #344
345,cumzillaraptor #345
346,cumzillaraptor #346
347,cumzillaraptor #347
350,cumzillaraptor #350
351,cumzillaraptor #351
353,cumzillaraptor #353
354,cumzillaraptor #354
356,cumzillaraptor #356
358,cumzillaraptor #358
359,cumzillaraptor #359
362,cumzillaraptor #362
363,cumzillaraptor #363
364,cumzillaraptor #364
365,cumzillaraptor #365
366,cumzillaraptor #366
367,cumzillaraptor #367
368,cumzillaraptor #368
369,cumzillaraptor #369
371,cumzillaraptor #371
372,cumzillaraptor #372
373,cumzillaraptor #373
377,cumzillaraptor #377
378,cumzillaraptor #378
380,cumzillaraptor #380
381,cumzillaraptor #381
382,cumzillaraptor #382
383,cumzillaraptor #383
384,cumzillaraptor #384
385,cumzillaraptor #385
386,cumzillaraptor #386
387,cumzillaraptor #387
389,cumzillaraptor #389
391,cumzillaraptor #391
392,cumzillaraptor #392
394,cumzillaraptor #394
395,cumzillaraptor #395
396,cumzillaraptor #396
398,cumzillaraptor #398
399,cumzillaraptor #399
400,cumzillaraptor #400
401,cumzillaraptor #401
402,cumzillaraptor #402
404,cumzillaraptor #404
405,cumzillaraptor #405
407,cumzillaraptor #407
408,cumzillaraptor #408
409,cumzillaraptor #409
411,cumzillaraptor #411
412,cumzillaraptor #412
413,cumzillaraptor #413
415,cumzillaraptor #415
416,cumzillaraptor #416
417,cumzillaraptor #417
418,cumzillaraptor #418
419,cumzillaraptor #419
