nft_number,name,wallet
1,cumzillaraptor #1,0xb9b1d4251416066aff6c06e4ab7a8ee4d2312e29
3,cumzillaraptor #3,0x7fa77093e83c9292c2357ea799ac2c57ec138203
4,cumzillaraptor #4,0xb0e683427202d14366977b7183d228a508b5a19c
6,cumzillaraptor #6,0x48fcb0e61921d8480a63d82926d3ea80cc0d94d2
9,cumzillaraptor #9,0xb6c50f4dcdbcf91e10aab06db6ec839b0e7ddd00
12,cumzillaraptor #12,0x852be9a14da06426b95de6efc9ed972da2df933f
13,cumzillaraptor #13,0xb0e683427202d14366977b7183d228a508b5a19c
15,cumzillaraptor #15,0xb0e683427202d14366977b7183d228a508b5a19c
17,cumzillaraptor #17,0xb0e683427202d14366977b7183d228a508b5a19c
18,cumzillaraptor #18,0x5a17fb43794212f5fac2298747c8757b8dd94a17
19,cumzillaraptor #19,0xb0e683427202d14366977b7183d228a508b5a19c
21,cumzillaraptor #21,0x02cdae755a57f2b0ec3c4c70d91c445e84c32e9f
24,cumzillaraptor #24,0x454908004f88436f46efac5578b4984fe1375206
33,cumzillaraptor #33,0xa9cf7dc0e5c14184bfd18a755613dae4e9c50d04
35,cumzillaraptor #35,0xb0e683427202d14366977b7183d228a508b5a19c
37,cumzillaraptor #37,0x4dc6750a016db9a96fef40d852e1faee11733db6
38,cumzillaraptor #38,0x39067aeb2a223685bc606bc94545e53015468eef
39,cumzillaraptor #39,0xb0e683427202d14366977b7183d228a508b5a19c
40,cumzillaraptor #40,0x3a990cde4e48b5cfaed619929d78f85ec7995f84
41,cumzillaraptor #41,0xcc0ba34ffe6107d4119fca34dde7b09386bc8166
42,cumzillaraptor #42,0xb9b1d4251416066aff6c06e4ab7a8ee4d2312e29
44,cumzillaraptor #44,0x4a9eca0baea47df184a7a3a6508d3b2517c58ea1
46,cumzillaraptor #46,0xb0e683427202d14366977b7183d228a508b5a19c
51,cumzillaraptor #51,0xb0e683427202d14366977b7183d228a508b5a19c
61,cumzillaraptor #61,0xb0e683427202d14366977b7183d228a508b5a19c
63,cumzillaraptor #63,0x472c2cfa4d5e6e2f4c1ee62c6b4f1a977e3dc943
64,cumzillaraptor #64,0xb0e683427202d14366977b7183d228a508b5a19c
65,cumzillaraptor #65,0x8457513abdf710e69f0fb357d82cacf048296f61
69,cumzillaraptor #69,0xa3ee7fd776fc436f0a4b464de2a3b73eebfdc5bb
75,cumzillaraptor #75,0x8447e981341dd44f7a6caf26e6452d3fb12d8592
79,cumzillaraptor #79,0xb0e683427202d14366977b7183d228a508b5a19c
83,cumzillaraptor #83,0x57897b44a9e41349072f8639a3996c3dbbef5c41
85,cumzillaraptor #85,0x76daa4c77e41ce078d2badf3337ec060e4590a6d
86,cumzillaraptor #86,0xd2d796d8613dd06c5196bf650e6bb726eed6e2f7
87,cumzillaraptor #87,0x9519d34cf0dd9cda22cf84d9b9f8de5a7f22600c
89,cumzillaraptor #89,0x44c3cf2d964d7b2f9be5fa612b0cc436720f6ead
90,cumzillaraptor #90,0xb6c50f4dcdbcf91e10aab06db6ec839b0e7ddd00
91,cumzillaraptor #91,0x14372929e2e6cb64644f89ad4fba54bd00a14b0c
92,cumzillaraptor #92,0x45ed8e92aaa8eff8e0866b12559ce3e6d66aa1a0
93,cumzillaraptor #93,0xb388acd6c0ca6d96d0a23a7f796f44dcd4d05e34
94,cumzillaraptor #94,0x14372929e2e6cb64644f89ad4fba54bd00a14b0c
95,cumzillaraptor #95,0x0306c7a73d717671faedb158a8463b1848bf3b31
96,cumzillaraptor #96,0x55150521f4b6a57fb5293ce735467b8bc4d692b1
97,cumzillaraptor #97,0x9a521c898cf8f9924c407ab8817d2330ed71c908
98,cumzillaraptor #98,0xd34e3c34ae9828dffedb9a2f236af47119a113bd
99,cumzillaraptor #99,0x5e451b2d167c2a8faf0a8b23cff27996a28f28bc
100,cumzillaraptor #100,0xb312d5e5ff06cf216a454f37ca58f4ddb7f305cb
101,cumzillaraptor #101,0x743e1aa0e3a3ac94e2187303d7e5e81d86854479
102,cumzillaraptor #102,0xa3ee7fd776fc436f0a4b464de2a3b73eebfdc5bb
103,cumzillaraptor #103,0x2a00f63af45627ff351549106ea735bd973aa86e
104,cumzillaraptor #104,0x6b72b861aadee7a4e97a196aed89efd29fb24ab8
105,cumzillaraptor #105,0x20357eb5dc98da197c332d9fdd2a38ef58c91fb3
106,cumzillaraptor #106,0x8f049f77f04b5ecdef56fe0de2ed1d1c9019e83b
107,cumzillaraptor #107,0x586af409aa91f27b32ea0e5765982b98e5ad0dc6
108,cumzillaraptor #108,0xfdacb11c3b6703bc5525b650bd231046b3f878cd
109,cumzillaraptor #109,0x89c5b18bcb7ae23eab3fd7ee0ad80c6837565a23
110,cumzillaraptor #110,0x14372929e2e6cb64644f89ad4fba54bd00a14b0c
111,cumzillaraptor #111,0xf19b975ab5b1ab459ee989f1875c80fd24359b4e
112,cumzillaraptor #112,0xb0a4c6cd3cb5181b30d310646fbf318a6f6767b8
113,cumzillaraptor #113,0xcfc65ebdcd6b90b9036913971f963e8d9d83f37b
114,cumzillaraptor #114,0x5803841f4c44dd7c49fe851b61296b7bf8bbbde9
115,cumzillaraptor #115,0x67cf5aebd1ce4eb1fa6cc9c2fe7f7b00944956f1
116,cumzillaraptor #116,0xb0e683427202d14366977b7183d228a508b5a19c
117,cumzillaraptor #117,0x848a9126ff57004aa8bfdc99384f36a4754d4367
118,cumzillaraptor #118,0x63745d5b059844fe42ec69da5fa0d27b59338ed5
119,cumzillaraptor #119,0x636e2ce8ededd4a0cadd638d3d14664332fa56a0
120,cumzillaraptor #120,0xa217124ed1aebccf252f02d27243d1dacccaddfb
121,cumzillaraptor #121,0xa4c2491113e338a0d13d7203922c91ede5512f3a
122,cumzillaraptor #122,0xbffec59f5e85f37af43a872dbeb641cd18921f04
123,cumzillaraptor #123,0xbffec59f5e85f37af43a872dbeb641cd18921f04
124,cumzillaraptor #124,0x87772ff7c65b5c93be52e3504670c6407271f829
125,cumzillaraptor #125,0x085100e6ecfd0a640ff5b2fa6e61de94564d8505
126,cumzillaraptor #126,0x7cc6df41ff71e020d7a29df35565ea92fea3201f
127,cumzillaraptor #127,0x75ab8b00de5cdef5d57189827070cc150f16d6a1
128,cumzillaraptor #128,0x76d860295e1add6222c2402163a1fa3d607ef3ed
129,cumzillaraptor #129,0x70ff99b6c7c0a60f506e66fe9f32eeed9071e72f
130,cumzillaraptor #130,0x1ed61c60713cf329056712c57afc6aa39272959e
131,cumzillaraptor #131,0x3f0709e3b35cf00b886bf09412b5a7890677d16c
132,cumzillaraptor #132,0x0306c7a73d717671faedb158a8463b1848bf3b31
133,cumzillaraptor #133,0x1249c498afd91706f9fe8cd86a7542333ffe2754
134,cumzillaraptor #134,0x6de24695bf9946e4a866a81d21ef5b74af4db06b
135,cumzillaraptor #135,0xa14fe103bc14c6a88f2784f2e018fd71a25e46b7
138,cumzillaraptor #138,0xe2bfd86a942ced6abf6a24464942134fe33d90ad
139,cumzillaraptor #139,0x992896ca34926e2efe8e5bb0c58079c20a44fa5c
140,cumzillaraptor #140,0x0306c7a73d717671faedb158a8463b1848bf3b31
141,cumzillaraptor #141,0x0306c7a73d717671faedb158a8463b1848bf3b31
145,cumzillaraptor #145,0xb0e683427202d14366977b7183d228a508b5a19c
146,cumzillaraptor #146,0x646ef8e3c8e79a10daf8f32621a3e468501cc3e4
147,cumzillaraptor #147,0xc49cb39909f92734134bc5d077e7749d445db493
149,cumzillaraptor #149,0x3f7d1580862aa750c26980c944a03ecf57019e9f
150,cumzillaraptor #150,0xb0e683427202d14366977b7183d228a508b5a19c
151,cumzillaraptor #151,0x6b67185780b8522d67cd62489eee73b1a39eb17b
153,cumzillaraptor #153,0xcae48c78b41fcefb2c6313f4b57fd2a3094e0f68
154,cumzillaraptor #154,0x97203b7c4699230dedce5841966930b13ba3ec92
155,cumzillaraptor #155,0xa6bcfe09053d8df41938c929cb27d331d5bb15b8
156,cumzillaraptor #156,0xb0e683427202d14366977b7183d228a508b5a19c
157,cumzillaraptor #157,0xb9b1d4251416066aff6c06e4ab7a8ee4d2312e29
164,cumzillaraptor #164,0xb0e683427202d14366977b7183d228a508b5a19c
165,cumzillaraptor #165,0xb0e683427202d14366977b7183d228a508b5a19c
170,cumzillaraptor #170,0xb0e683427202d14366977b7183d228a508b5a19c
172,cumzillaraptor #172,0xb0e683427202d14366977b7183d228a508b5a19c
174,cumzillaraptor #174,0xb0e683427202d14366977b7183d228a508b5a19c
179,cumzillaraptor #179,0xcfc2c85ee8b1dc9c83ab11db6ba40511d95a68b1
182,cumzillaraptor #182,0xb0e683427202d14366977b7183d228a508b5a19c
185,cumzillaraptor #185,0xb0e683427202d14366977b7183d228a508b5a19c
186,cumzillaraptor #186,0xb0e683427202d14366977b7183d228a508b5a19c
189,cumzillaraptor #189,0xb0e683427202d14366977b7183d228a508b5a19c
192,cumzillaraptor #192,0xb0e683427202d14366977b7183d228a508b5a19c
194,cumzillaraptor #194,0xb0e683427202d14366977b7183d228a508b5a19c
196,cumzillaraptor #196,0xb6c50f4dcdbcf91e10aab06db6ec839b0e7ddd00
197,cumzillaraptor #197,0xb0e683427202d14366977b7183d228a508b5a19c
198,cumzillaraptor #198,0xb0e683427202d14366977b7183d228a508b5a19c
199,cumzillaraptor #199,0xb0e683427202d14366977b7183d228a508b5a19c
204,cumzillaraptor #204,0xb0e683427202d14366977b7183d228a508b5a19c
206,cumzillaraptor #206,0xb0e683427202d14366977b7183d228a508b5a19c
208,cumzillaraptor #208,0xb0e683427202d14366977b7183d228a508b5a19c
211,cumzillaraptor #211,0xb0e683427202d14366977b7183d228a508b5a19c
213,cumzillaraptor #213,0xb0e683427202d14366977b7183d228a508b5a19c
221,cumzillaraptor #221,0xb0e683427202d14366977b7183d228a508b5a19c
224,cumzillaraptor #224,0xb0e683427202d14366977b7183d228a508b5a19c
225,cumzillaraptor #225,0xb0e683427202d14366977b7183d228a508b5a19c
231,cumzillaraptor #231,0xb0e683427202d14366977b7183d228a508b5a19c
237,cumzillaraptor #237,0xb0e683427202d14366977b7183d228a508b5a19c
238,cumzillaraptor #238,0xb0e683427202d14366977b7183d228a508b5a19c
243,cumzillaraptor #243,0xb0e683427202d14366977b7183d228a508b5a19c
245,cumzillaraptor #245,0xb0e683427202d14366977b7183d228a508b5a19c
249,cumzillaraptor #249,0xb0e683427202d14366977b7183d228a508b5a19c
251,cumzillaraptor #251,0x2a730bfafcee61b8b906cd5388c57d3b480a9c7c
272,cumzillaraptor #272,0xb0e683427202d14366977b7183d228a508b5a19c
273,cumzillaraptor #273,0xb0e683427202d14366977b7183d228a508b5a19c
274,cumzillaraptor #274,0xb0e683427202d14366977b7183d228a508b5a19c
275,cumzillaraptor #275,0xb0e683427202d14366977b7183d228a508b5a19c
279,cumzillaraptor #279,0xb0e683427202d14366977b7183d228a508b5a19c
284,cumzillaraptor #284,0xb0e683427202d14366977b7183d228a508b5a19c
286,cumzillaraptor #286,0xb0e683427202d14366977b7183d228a508b5a19c
290,cumzillaraptor #290,0xb0e683427202d14366977b7183d228a508b5a19c
294,cumzillaraptor #294,0xb0e683427202d14366977b7183d228a508b5a19c
302,cumzillaraptor #302,0xb0e683427202d14366977b7183d228a508b5a19c
303,cumzillaraptor #303,0xb0e683427202d14366977b7183d228a508b5a19c
305,cumzillaraptor #305,0xb0e683427202d14366977b7183d228a508b5a19c
314,cumzillaraptor #314,0xb0e683427202d14366977b7183d228a508b5a19c
315,cumzillaraptor #315,0xb0e683427202d14366977b7183d228a508b5a19c
318,cumzillaraptor #318,0xb0e683427202d14366977b7183d228a508b5a19c
320,cumzillaraptor #320,0xb0e683427202d14366977b7183d228a508b5a19c
323,cumzillaraptor #323,0xb0e683427202d14366977b7183d228a508b5a19c
324,cumzillaraptor #324,0xb0e683427202d14366977b7183d228a508b5a19c
326,cumzillaraptor #326,0xb0e683427202d14366977b7183d228a508b5a19c
327,cumzillaraptor #327,0xb0e683427202d14366977b7183d228a508b5a19c
328,cumzillaraptor #328,0xb0e683427202d14366977b7183d228a508b5a19c
329,cumzillaraptor #329,0xb0e683427202d14366977b7183d228a508b5a19c
334,cumzillaraptor #334,0xb0e683427202d14366977b7183d228a508b5a19c
336,cumzillaraptor #336,0xb0e683427202d14366977b7183d228a508b5a19c
343,cumzillaraptor #343,0xb0e683427202d14366977b7183d228a508b5a19c
348,cumzillaraptor #348,0xcdf734d1ac2464399eb9ebec7f4b4f2f81d36fe4
349,cumzillaraptor #349,0xb0e683427202d14366977b7183d228a508b5a19c
352,cumzillaraptor #352,0xb0e683427202d14366977b7183d228a508b5a19c
355,cumzillaraptor #355,0xb0e683427202d14366977b7183d228a508b5a19c
357,cumzillaraptor #357,0xb0e683427202d14366977b7183d228a508b5a19c
360,cumzillaraptor #360,0xfadf08b0ecc8f128b22d8fb738024db10d34df91
361,cumzillaraptor #361,0xb0e683427202d14366977b7183d228a508b5a19c
370,cumzillaraptor #370,0xb0e683427202d14366977b7183d228a508b5a19c
374,cumzillaraptor #374,0xb0e683427202d14366977b7183d228a508b5a19c
375,cumzillaraptor #375,0xb0e683427202d14366977b7183d228a508b5a19c
376,cumzillaraptor #376,0xb0e683427202d14366977b7183d228a508b5a19c
379,cumzillaraptor #379,0xb0e683427202d14366977b7183d228a508b5a19c
388,cumzillaraptor #388,0xb0e683427202d14366977b7183d228a508b5a19c
390,cumzillaraptor #390,0xb0e683427202d14366977b7183d228a508b5a19c
393,cumzillaraptor #393,0xb0e683427202d14366977b7183d228a508b5a19c
397,cumzillaraptor #397,0xb0e683427202d14366977b7183d228a508b5a19c
403,cumzillaraptor #403,0x7f764ce9cb3e23471aeeab74e052ae00eadf09f2
406,cumzillaraptor #406,0xb0e683427202d14366977b7183d228a508b5a19c
410,cumzillaraptor #410,0xb0e683427202d14366977b7183d228a508b5a19c
414,cumzillaraptor #414,0xb0e683427202d14366977b7183d228a508b5a19c
420,cumzillaraptor #420,0xb0e683427202d14366977b7183d228a508b5a19c
